method1_clean,c22,ctm_nn_pc,eegnet,pca_pc,psd_ae_pc
c22,1.0,0.26436084922774244,0.40887939841200116,0.23184221575771446,0.29421780254896235
ctm_nn_pc,0.26436084922774244,1.0,0.3237340064736156,0.5589158950167532,0.5838161131459124
eegnet,0.40887939841200116,0.3237340064736156,1.0,0.4432443559484038,0.6133653377687542
pca_pc,0.23184221575771446,0.5589158950167532,0.4432443559484038,1.0,0.8582723723412572
psd_ae_pc,0.29421780254896235,0.5838161131459124,0.6133653377687542,0.8582723723412572,1.0
