method1_clean,c22,ctm_nn_pc,eegnet,pca_pc,psd_ae_pc
c22,1.0,0.41742548487368364,0.5274833417776272,0.3605550611381566,0.4084132825071486
ctm_nn_pc,0.41742548487368364,1.0,0.48413072709653304,0.7676875073899156,0.7318733722013613
eegnet,0.5274833417776272,0.48413072709653304,1.0,0.53135608486448,0.6559772175400915
pca_pc,0.3605550611381566,0.7676875073899156,0.53135608486448,1.0,0.8933102358766254
psd_ae_pc,0.4084132825071486,0.7318733722013613,0.6559772175400915,0.8933102358766254,1.0
