method1_clean,c22,ctm_nn_pc,eegnet,hopf_pc,jr_pc,pca_pc,psd_ae_pc
c22,1.0,0.9725408396969233,0.9904164442730337,0.9603158388318398,0.9133246641730185,0.9758004721626531,0.9780044304785469
ctm_nn_pc,0.9725408396969233,1.0,0.9256727261240507,0.0,0.9057431213970356,0.9942651186068988,0.9945837431661124
eegnet,0.9904164442730337,0.9256727261240507,1.0,0.9243746444622147,0.8467463104339026,0.944845318259023,0.9483772532831222
hopf_pc,0.9603158388318398,0.0,0.9243746444622147,1.0,0.8942221700496605,0.9837973660090832,0.9839244002275976
jr_pc,0.9133246641730185,0.9057431213970356,0.8467463104339026,0.8942221700496605,1.0,0.9399624010858656,0.9393153107656493
pca_pc,0.9758004721626531,0.9942651186068988,0.944845318259023,0.9837973660090832,0.9399624010858656,1.0,0.999680700337191
psd_ae_pc,0.9780044304785469,0.9945837431661124,0.9483772532831222,0.9839244002275976,0.9393153107656493,0.999680700337191,1.0
