method1_clean,c22,ctm_nn_pc,eegnet,pca_pc,psd_ae_pc
c22,1.0,0.0,0.9904147600647588,0.9757527332788323,0.9777854548495957
ctm_nn_pc,0.0,1.0,0.9256727040500932,0.9942326513590021,0.9945487122723055
eegnet,0.9904147600647588,0.9256727040500932,1.0,0.9448429178405348,0.948377639559663
pca_pc,0.9757527332788323,0.9942326513590021,0.9448429178405348,1.0,0.9997556791441161
psd_ae_pc,0.9777854548495957,0.9945487122723055,0.948377639559663,0.9997556791441161,1.0
