method1_clean,c22,ctm_nn_pc,eegnet,pca_pc,psd_ae_pc
c22,1.0,0.05902249380408131,0.006416120986015524,0.004602392009979482,-0.0010773090409493264
ctm_nn_pc,0.05902249380408131,1.0,0.10162994318928255,0.8466995405695089,0.7861155430164475
eegnet,0.006416120986015524,0.10162994318928255,1.0,0.14307310368664447,0.31673582198135813
pca_pc,0.004602392009979482,0.8466995405695089,0.14307310368664447,1.0,0.9233164995136349
psd_ae_pc,-0.0010773090409493264,0.7861155430164475,0.31673582198135813,0.9233164995136349,1.0
