method1_clean,c22,ctm_nn_pc,eegnet,pca_pc,psd_ae_pc
c22,0.0,0.8650229437011717,0.8481425358635092,0.8951181678941527,0.8765988276758903
ctm_nn_pc,0.8650229437011717,0.0,0.8674967271603867,0.6311385805444879,0.6477628687054152
eegnet,0.8481425358635092,0.8674967271603867,0.0,0.7453180455638223,0.6365022381872006
pca_pc,0.8951181678941527,0.6311385805444879,0.7453180455638223,0.0,0.18109669068595707
psd_ae_pc,0.8765988276758903,0.6477628687054152,0.6365022381872006,0.18109669068595707,0.0
