{
  "metrics_per_task": {
    "gender": {
      "loss": 0.6850213693535846,
      "accuracy": 0.5615942028985508,
      "pred_counts": {
        "label_0": 105,
        "label_1": 171
      }
    },
    "abnormal": {
      "loss": 0.525732305602751,
      "accuracy": 0.7572463768115942,
      "pred_counts": {
        "label_0": 161,
        "label_1": 115
      }
    }
  },
  "hyperparams_per_task": {
    "gender": {
      "input_dim": 8,
      "output_type": "classification",
      "hidden_dims": [
        192,
        96,
        48,
        24
      ],
      "dropout": 0.3616324663610754
    },
    "abnormal": {
      "input_dim": 8,
      "output_type": "classification",
      "hidden_dims": [
        128,
        64,
        32
      ],
      "dropout": 0.1690526624618814
    }
  },
  "train_dataset_stats": {
    "n_samples": 2717,
    "gender_counts": {
      "female(2)": 1447,
      "male(1)": 1270,
      "unknown(0)": 0
    },
    "abnormal_counts": {
      "abnormal(1)": 1346,
      "normal(0)": 1371
    },
    "age_bin_counts": {
      "0\u201310": 2717,
      "10\u201320": 0,
      "20\u201330": 0,
      "30\u201340": 0,
      "40\u201350": 0,
      "50\u201360": 0,
      "60\u201370": 0,
      "70\u201380": 0,
      "80\u2013120": 0
    }
  },
  "eval_dataset_stats": {
    "n_samples": 276,
    "gender_counts": {
      "female(2)": 148,
      "male(1)": 128,
      "unknown(0)": 0
    },
    "abnormal_counts": {
      "abnormal(1)": 126,
      "normal(0)": 150
    },
    "age_bin_counts": {
      "0\u201310": 276,
      "10\u201320": 0,
      "20\u201330": 0,
      "30\u201340": 0,
      "40\u201350": 0,
      "50\u201360": 0,
      "60\u201370": 0,
      "70\u201380": 0,
      "80\u2013120": 0
    }
  },
  "global_independence_score": 0.012040461413562298
}