{
  "metrics_per_task": {
    "gender": {
      "loss": 0.7041079920271168,
      "accuracy": 0.6086956521739131,
      "pred_counts": {
        "label_0": 116,
        "label_1": 160
      },
      "precision": 0.625,
      "recall": 0.6756756756756757,
      "f1": 0.6493506493506493,
      "f1_macro": 0.6033638492654886,
      "roc_auc": 0.6222022804054054,
      "pr_auc": 0.6657135148918125,
      "confusion": [
        [
          68,
          60
        ],
        [
          48,
          100
        ]
      ]
    },
    "abnormal": {
      "loss": 0.47605619655139203,
      "accuracy": 0.7789855072463768,
      "pred_counts": {
        "label_0": 167,
        "label_1": 109
      },
      "precision": 0.7981651376146789,
      "recall": 0.6904761904761905,
      "f1": 0.7404255319148936,
      "f1_macro": 0.7739982549164373,
      "roc_auc": 0.8554497354497355,
      "pr_auc": 0.851071972974091,
      "confusion": [
        [
          128,
          22
        ],
        [
          39,
          87
        ]
      ]
    }
  },
  "hyperparams_per_task": {
    "gender": {
      "input_dim": 152,
      "output_type": "classification",
      "hidden_dims": [
        384,
        192
      ],
      "dropout": 0.05683963182678947
    },
    "abnormal": {
      "input_dim": 152,
      "output_type": "classification",
      "hidden_dims": [
        128,
        64
      ],
      "dropout": 0.19227134341495394
    }
  },
  "train_dataset_stats": {
    "n_samples": 2717,
    "gender_counts": {
      "female(2)": 1447,
      "male(1)": 1270,
      "unknown(0)": 0
    },
    "abnormal_counts": {
      "abnormal(1)": 1346,
      "normal(0)": 1371
    },
    "age_bin_counts": {
      "0\u201310": 2717,
      "10\u201320": 0,
      "20\u201330": 0,
      "30\u201340": 0,
      "40\u201350": 0,
      "50\u201360": 0,
      "60\u201370": 0,
      "70\u201380": 0,
      "80\u2013120": 0
    }
  },
  "eval_dataset_stats": {
    "n_samples": 276,
    "gender_counts": {
      "female(2)": 148,
      "male(1)": 128,
      "unknown(0)": 0
    },
    "abnormal_counts": {
      "abnormal(1)": 126,
      "normal(0)": 150
    },
    "age_bin_counts": {
      "0\u201310": 276,
      "10\u201320": 0,
      "20\u201330": 0,
      "30\u201340": 0,
      "40\u201350": 0,
      "50\u201360": 0,
      "60\u201370": 0,
      "70\u201380": 0,
      "80\u2013120": 0
    }
  },
  "latent": null
}