{
  "metrics_per_task": {
    "gender": {
      "loss": 0.6964302538097769,
      "accuracy": 0.532608695652174,
      "pred_counts": {
        "label_0": 105,
        "label_1": 171
      },
      "precision": 0.5555555555555556,
      "recall": 0.6418918918918919,
      "f1": 0.5956112852664577,
      "f1_macro": 0.5209816082984648,
      "roc_auc": 0.5440772804054055,
      "pr_auc": 0.5778116525243666,
      "confusion": [
        [
          52,
          76
        ],
        [
          53,
          95
        ]
      ]
    },
    "abnormal": {
      "loss": 0.5663800148860269,
      "accuracy": 0.6920289855072463,
      "pred_counts": {
        "label_0": 167,
        "label_1": 109
      },
      "precision": 0.6880733944954128,
      "recall": 0.5952380952380952,
      "f1": 0.6382978723404256,
      "f1_macro": 0.685079535539298,
      "roc_auc": 0.7767195767195768,
      "pr_auc": 0.7634267248024609,
      "confusion": [
        [
          116,
          34
        ],
        [
          51,
          75
        ]
      ]
    }
  },
  "hyperparams_per_task": {
    "gender": {
      "input_dim": 8,
      "output_type": "classification",
      "hidden_dims": [
        320,
        160,
        80,
        40
      ],
      "dropout": 0.3558565544660703
    },
    "abnormal": {
      "input_dim": 8,
      "output_type": "classification",
      "hidden_dims": [
        448,
        224
      ],
      "dropout": 0.28298328709337317
    }
  },
  "train_dataset_stats": {
    "n_samples": 2717,
    "gender_counts": {
      "female(2)": 1447,
      "male(1)": 1270,
      "unknown(0)": 0
    },
    "abnormal_counts": {
      "abnormal(1)": 1346,
      "normal(0)": 1371
    },
    "age_bin_counts": {
      "0\u201310": 2717,
      "10\u201320": 0,
      "20\u201330": 0,
      "30\u201340": 0,
      "40\u201350": 0,
      "50\u201360": 0,
      "60\u201370": 0,
      "70\u201380": 0,
      "80\u2013120": 0
    }
  },
  "eval_dataset_stats": {
    "n_samples": 276,
    "gender_counts": {
      "female(2)": 148,
      "male(1)": 128,
      "unknown(0)": 0
    },
    "abnormal_counts": {
      "abnormal(1)": 126,
      "normal(0)": 150
    },
    "age_bin_counts": {
      "0\u201310": 276,
      "10\u201320": 0,
      "20\u201330": 0,
      "30\u201340": 0,
      "40\u201350": 0,
      "50\u201360": 0,
      "60\u201370": 0,
      "70\u201380": 0,
      "80\u2013120": 0
    }
  },
  "latent": null
}