{
  "metrics_per_task": {
    "gender": {
      "loss": 0.6957357551740564,
      "accuracy": 0.5181159420289855,
      "pred_counts": {
        "label_0": 27,
        "label_1": 249
      },
      "precision": 0.5301204819277109,
      "recall": 0.8918918918918919,
      "f1": 0.6649874055415617,
      "f1_macro": 0.4034614447062647,
      "roc_auc": 0.4562922297297297,
      "pr_auc": 0.5019867116688275,
      "confusion": [
        [
          11,
          117
        ],
        [
          16,
          132
        ]
      ]
    },
    "abnormal": {
      "loss": 0.7161941148232722,
      "accuracy": 0.572463768115942,
      "pred_counts": {
        "label_0": 158,
        "label_1": 118
      },
      "precision": 0.5338983050847458,
      "recall": 0.5,
      "f1": 0.5163934426229508,
      "f1_macro": 0.5666382797530338,
      "roc_auc": 0.5791005291005291,
      "pr_auc": 0.5295857485376954,
      "confusion": [
        [
          95,
          55
        ],
        [
          63,
          63
        ]
      ]
    }
  },
  "hyperparams_per_task": {
    "gender": {
      "input_dim": 64,
      "output_type": "classification",
      "hidden_dims": [
        320,
        160,
        80,
        40
      ],
      "dropout": 0.49279283525803586
    },
    "abnormal": {
      "input_dim": 64,
      "output_type": "classification",
      "hidden_dims": [
        384,
        192,
        96
      ],
      "dropout": 0.1623968109669408
    }
  },
  "train_dataset_stats": {
    "n_samples": 2717,
    "gender_counts": {
      "female(2)": 1447,
      "male(1)": 1270,
      "unknown(0)": 0
    },
    "abnormal_counts": {
      "abnormal(1)": 1346,
      "normal(0)": 1371
    },
    "age_bin_counts": {
      "0\u201310": 2717,
      "10\u201320": 0,
      "20\u201330": 0,
      "30\u201340": 0,
      "40\u201350": 0,
      "50\u201360": 0,
      "60\u201370": 0,
      "70\u201380": 0,
      "80\u2013120": 0
    }
  },
  "eval_dataset_stats": {
    "n_samples": 276,
    "gender_counts": {
      "female(2)": 148,
      "male(1)": 128,
      "unknown(0)": 0
    },
    "abnormal_counts": {
      "abnormal(1)": 126,
      "normal(0)": 150
    },
    "age_bin_counts": {
      "0\u201310": 276,
      "10\u201320": 0,
      "20\u201330": 0,
      "30\u201340": 0,
      "40\u201350": 0,
      "50\u201360": 0,
      "60\u201370": 0,
      "70\u201380": 0,
      "80\u2013120": 0
    }
  },
  "latent": {
    "train": {
      "n_samples": 2717,
      "dim": 64,
      "variance_per_dim": [
        0.012993131764233112,
        0.021152926608920097,
        0.021073972806334496,
        0.020154248923063278,
        0.020394576713442802,
        0.019579429179430008,
        0.020368894562125206,
        0.020152298733592033,
        0.019362352788448334,
        0.01969718374311924,
        0.019152792170643806,
        0.019962217658758163,
        0.019571173936128616,
        0.020156463608145714,
        0.01894467882812023,
        0.016590336337685585,
        0.057580556720495224,
        0.10096126794815063,
        0.09916947036981583,
        0.09508038312196732,
        0.0968223512172699,
        0.09753769636154175,
        0.09452147036790848,
        0.09356743097305298,
        0.09575414657592773,
        0.09630531817674637,
        0.09633595496416092,
        0.09754937142133713,
        0.09795105457305908,
        0.09825906902551651,
        0.08965999633073807,
        0.04589168727397919,
        0.014478355646133423,
        0.0153721384704113,
        0.01607922650873661,
        0.016822950914502144,
        0.01671086810529232,
        0.016568375751376152,
        0.016785621643066406,
        0.017184514552354813,
        0.017058154568076134,
        0.017159968614578247,
        0.017433639615774155,
        0.01576915942132473,
        0.01679774932563305,
        0.016928911209106445,
        0.01609732396900654,
        0.010954751633107662,
        0.012340458109974861,
        0.01404501311480999,
        0.01630711741745472,
        0.016302309930324554,
        0.016505124047398567,
        0.016872920095920563,
        0.01668233796954155,
        0.016973827034235,
        0.01641267165541649,
        0.016629982739686966,
        0.016611339524388313,
        0.01592259854078293,
        0.01662672497332096,
        0.016044981777668,
        0.014198865741491318,
        0.010173775255680084
      ],
      "active_units": 64,
      "hsic_global_score": 0.0012444080784916878,
      "cluster": {
        "silhouette": 0.06751857697963715,
        "davies_bouldin": 2.6171530944882293,
        "calinski_harabasz": 174.51258850097656
      },
      "geometry": {
        "trustworthiness": 0.7359559987632112,
        "continuity": 0.8833461637576311,
        "dist_corr": 0.4967796810694199
      },
      "mi_zy": {
        "gender": {
          "mean": 0.0025868497902541907,
          "per_dim": [
            0.0021189365070313215,
            0.0,
            0.0,
            0.012358855456113815,
            0.008525388315320015,
            0.0063542150892317295,
            0.0,
            0.009048599749803543,
            0.0,
            0.004204334691166878,
            0.0,
            0.011674330569803715,
            0.0,
            0.00913684256374836,
            0.0,
            0.0,
            0.0014763814397156239,
            0.0,
            0.0,
            0.0,
            0.0,
            0.0023371302522718906,
            0.0029911750461906195,
            0.0014624714385718107,
            0.008172919042408466,
            0.008067216724157333,
            0.0,
            0.0,
            0.0,
            0.0,
            0.0028704972937703133,
            0.0,
            0.0036339398939162493,
            0.0,
            0.0028253060299903154,
            0.0,
            0.0,
            0.0,
            0.007373169995844364,
            0.006221241783350706,
            0.00012879421410616487,
            0.00752684660255909,
            0.0,
            0.010801452212035656,
            0.0,
            0.0,
            0.0025892623234540224,
            0.0,
            0.0,
            0.0004439463373273611,
            0.0,
            0.0,
            0.004186609294265509,
            0.0,
            0.012802088633179665,
            0.01622643508017063,
            0.0,
            0.0,
            0.0,
            0.0,
            0.0,
            0.0,
            0.0,
            0.0
          ]
        },
        "abnormal": {
          "mean": 0.004545254054925039,