{
  "metrics_per_task": {
    "gender": {
      "loss": 0.6886360463888749,
      "accuracy": 0.5471014492753623,
      "pred_counts": {
        "label_0": 115,
        "label_1": 161
      },
      "precision": 0.5714285714285714,
      "recall": 0.6216216216216216,
      "f1": 0.5954692556634305,
      "f1_macro": 0.5405329817411803,
      "roc_auc": 0.5570101351351351,
      "pr_auc": 0.5998368831661445,
      "confusion": [
        [
          59,
          69
        ],
        [
          56,
          92
        ]
      ]
    },
    "abnormal": {
      "loss": 0.5685526409010956,
      "accuracy": 0.7065217391304348,
      "pred_counts": {
        "label_0": 139,
        "label_1": 137
      },
      "precision": 0.6642335766423357,
      "recall": 0.7222222222222222,
      "f1": 0.6920152091254753,
      "f1_macro": 0.7058691962582394,
      "roc_auc": 0.7834391534391535,
      "pr_auc": 0.7420873215475827,
      "confusion": [
        [
          104,
          46
        ],
        [
          35,
          91
        ]
      ]
    }
  },
  "hyperparams_per_task": {
    "gender": {
      "input_dim": 8,
      "output_type": "classification",
      "hidden_dims": [
        256,
        128,
        64
      ],
      "dropout": 0.21869705137438405
    },
    "abnormal": {
      "input_dim": 8,
      "output_type": "classification",
      "hidden_dims": [
        320,
        160
      ],
      "dropout": 0.14785121908762822
    }
  },
  "train_dataset_stats": {
    "n_samples": 2717,
    "gender_counts": {
      "female(2)": 1447,
      "male(1)": 1270,
      "unknown(0)": 0
    },
    "abnormal_counts": {
      "abnormal(1)": 1346,
      "normal(0)": 1371
    },
    "age_bin_counts": {
      "0\u201310": 2717,
      "10\u201320": 0,
      "20\u201330": 0,
      "30\u201340": 0,
      "40\u201350": 0,
      "50\u201360": 0,
      "60\u201370": 0,
      "70\u201380": 0,
      "80\u2013120": 0
    }
  },
  "eval_dataset_stats": {
    "n_samples": 276,
    "gender_counts": {
      "female(2)": 148,
      "male(1)": 128,
      "unknown(0)": 0
    },
    "abnormal_counts": {
      "abnormal(1)": 126,
      "normal(0)": 150
    },
    "age_bin_counts": {
      "0\u201310": 276,
      "10\u201320": 0,
      "20\u201330": 0,
      "30\u201340": 0,
      "40\u201350": 0,
      "50\u201360": 0,
      "60\u201370": 0,
      "70\u201380": 0,
      "80\u2013120": 0
    }
  },
  "latent": {
    "train": {
      "n_samples": 2717,
      "dim": 8,
      "variance_per_dim": [
        6.7908406257629395,
        0.6980184316635132,
        0.005191020201891661,
        0.008639511652290821,
        0.2101624310016632,
        39.012245178222656,
        18.452451705932617,
        0.04094361513853073
      ],
      "active_units": 8,
      "hsic_global_score": 0.030601825565099716,
      "cluster": {
        "silhouette": 0.5025272965431213,
        "davies_bouldin": 0.5669100814020606,
        "calinski_harabasz": 7686.2216796875
      },
      "geometry": {
        "trustworthiness": 0.9979525544737854,
        "continuity": 0.9992930085393337,
        "dist_corr": 0.9999387696329382
      },
      "mi_zy": {
        "gender": {
          "mean": 0.011061581647473784,
          "per_dim": [
            0.009583310224115849,
            0.013546193949878216,
            0.0018458593403920531,
            0.012442812323570251,
            0.0029743914492428303,
            0.01600293070077896,
            0.004043586552143097,
            0.028053568676114082
          ]
        },
        "abnormal": {
          "mean": 0.05764770858690166,
          "per_dim": [
            0.08693782240152359,
            0.061610762029886246,
            0.08028968423604965,
            0.010375418700277805,
            0.0,
            0.09253765642642975,
            0.07489082962274551,
            0.054539505392313004
          ]
        }
      }
    },
    "eval": {
      "n_samples": 276,
      "dim": 8,
      "variance_per_dim": [
        10.414338111877441,
        0.712287962436676,
        0.005668122787028551,
        0.011708050034940243,
        0.23482750356197357,
        54.66880798339844,
        24.42411231994629,
        0.044734057039022446
      ],
      "active_units": 8,
      "hsic_global_score": 0.03307095915079117,
      "cluster": {
        "silhouette": 0.4954514503479004,
        "davies_bouldin": 0.5491991443313268,
        "calinski_harabasz": 930.7850341796875
      },
      "geometry": {
        "trustworthiness": 0.9979401374168961,
        "continuity": 0.9986522573645998,
        "dist_corr": 0.9999258416470723
      },
      "mi_zy": {
        "gender": {
          "mean": 0.020573387190233494,
          "per_dim": [
            0.07861904054880142,
            0.0,
            0.022873489186167717,
            0.025609536096453667,
            0.0,
            0.03700371831655502,
            0.0004813114646822214,
            0.0
          ]
        },
        "abnormal": {
          "mean": 0.0978002544855533,
          "per_dim": [
            0.10611391067504883,
            0.10250484198331833,
            0.1924925148487091,
            0.0,
            0.025527004152536392,
            0.12870782613754272,
            0.11461156606674194,
            0.11244435608386993
          ]
        }
      }
    },
    "pca": {
      "top5_ratio_sum": 0.9999337792396545,
      "explained_variance_ratio": [
        0.9810407161712646,
        0.012822866439819336,
        0.0057351719588041306,
        0.0002307708200532943,
        0.00010424866923131049,
        3.763652784982696e-05,
        1.7658663637121208e-05,
        1.093170703825308e-05
      ]
    }
  }
}