{
  "metrics_per_task": {
    "abnormal": {
      "loss": 0.5499462089841675,
      "accuracy": 0.7222934603407217,
      "pred_counts": {
        "label_0": 2897,
        "label_1": 2562
      },
      "precision": 0.6893052302888368,
      "recall": 0.7103781174577635,
      "f1": 0.6996830427892234,
      "f1_macro": 0.7207103459261279,
      "roc_auc": 0.7941918402657978,
      "pr_auc": 0.7512482595736365,
      "confusion": [
        [
          2177,
          796
        ],
        [
          720,
          1766
        ]
      ]
    }
  },
  "hyperparams_per_task": {
    "abnormal": {
      "architecture": {
        "input_dim": 8,
        "output_type": "classification",
        "hidden_dims": [
          128,
          64
        ],
        "dropout": 0.35403628889802274
      }
    }
  },
  "train_dataset_stats": {
    "n_samples": 53622,
    "gender_counts": {
      "female(2)": 0,
      "male(1)": 28583,
      "unknown(0)": 25039
    },
    "abnormal_counts": {
      "abnormal(1)": 26545,
      "normal(0)": 27077
    },
    "age_bin_counts": {
      "0\u201310": 53622,
      "10\u201320": 0,
      "20\u201330": 0,
      "30\u201340": 0,
      "40\u201350": 0,
      "50\u201360": 0,
      "60\u201370": 0,
      "70\u201380": 0,
      "80\u2013120": 0
    }
  },
  "eval_dataset_stats": {
    "n_samples": 5459,
    "gender_counts": {
      "female(2)": 0,
      "male(1)": 2919,
      "unknown(0)": 2540
    },
    "abnormal_counts": {
      "abnormal(1)": 2486,
      "normal(0)": 2973
    },
    "age_bin_counts": {
      "0\u201310": 5459,
      "10\u201320": 0,
      "20\u201330": 0,
      "30\u201340": 0,
      "40\u201350": 0,
      "50\u201360": 0,
      "60\u201370": 0,
      "70\u201380": 0,
      "80\u2013120": 0
    }
  },
  "latent": null
}