{
  "metrics_per_task": {
    "gender": {
      "loss": 0.6904001218685205,
      "accuracy": 0.5543478260869565,
      "pred_counts": {
        "label_0": 91,
        "label_1": 185
      },
      "precision": 0.5675675675675675,
      "recall": 0.7094594594594594,
      "f1": 0.6306306306306306,
      "f1_macro": 0.5344933975070961,
      "roc_auc": 0.5483530405405405,
      "pr_auc": 0.5702808561412527,
      "confusion": [
        [
          48,
          80
        ],
        [
          43,
          105
        ]
      ]
    },
    "abnormal": {
      "loss": 0.5712548606637595,
      "accuracy": 0.7246376811594203,
      "pred_counts": {
        "label_0": 170,
        "label_1": 106
      },
      "precision": 0.7358490566037735,
      "recall": 0.6190476190476191,
      "f1": 0.6724137931034483,
      "f1_macro": 0.7174568965517241,
      "roc_auc": 0.7905291005291005,
      "pr_auc": 0.7780855863317568,
      "confusion": [
        [
          122,
          28
        ],
        [
          48,
          78
        ]
      ]
    }
  },
  "hyperparams_per_task": {
    "gender": {
      "input_dim": 16,
      "output_type": "classification",
      "hidden_dims": [
        512,
        256,
        128
      ],
      "dropout": 0.47736770369239256
    },
    "abnormal": {
      "input_dim": 16,
      "output_type": "classification",
      "hidden_dims": [
        256,
        128,
        64
      ],
      "dropout": 0.40168604992289136
    }
  },
  "train_dataset_stats": {
    "n_samples": 2717,
    "gender_counts": {
      "female(2)": 1447,
      "male(1)": 1270,
      "unknown(0)": 0
    },
    "abnormal_counts": {
      "abnormal(1)": 1346,
      "normal(0)": 1371
    },
    "age_bin_counts": {
      "0\u201310": 2717,
      "10\u201320": 0,
      "20\u201330": 0,
      "30\u201340": 0,
      "40\u201350": 0,
      "50\u201360": 0,
      "60\u201370": 0,
      "70\u201380": 0,
      "80\u2013120": 0
    }
  },
  "eval_dataset_stats": {
    "n_samples": 276,
    "gender_counts": {
      "female(2)": 148,
      "male(1)": 128,
      "unknown(0)": 0
    },
    "abnormal_counts": {
      "abnormal(1)": 126,
      "normal(0)": 150
    },
    "age_bin_counts": {
      "0\u201310": 276,
      "10\u201320": 0,
      "20\u201330": 0,
      "30\u201340": 0,
      "40\u201350": 0,
      "50\u201360": 0,
      "60\u201370": 0,
      "70\u201380": 0,
      "80\u2013120": 0
    }
  },
  "latent": null
}