{
  "loss_g": 0.6981172404791179,
  "loss_a": 2342.5770713404604,
  "loss_abn": 0.6901857821564925,
  "total_loss": 2343.965460526316,
  "accuracy_g": 0.39473684210526316,
  "accuracy_abn": 0.5526315789473685,
  "mae_a": 1008.5531198601974,
  "rmse_a": 26.410160064697266,
  "gender_confusion": [
    [
      15,
      0
    ],
    [
      23,
      0
    ]
  ],
  "abn_confusion": [
    [
      0,
      17
    ],
    [
      0,
      21
    ]
  ],
  "gender_precision_recall_f1": {
    "precision": 0.0,
    "recall": 0.0,
    "f1": 0.0
  },
  "abn_precision_recall_f1": {
    "precision": 0.5526315789473685,
    "recall": 1.0,
    "f1": 0.711864406779661
  },
  "age_bin_mae": {
    "0\u201320": 37.1711540222168,
    "20\u201340": 21.086910247802734,
    "40\u201360": 5.704368591308594,
    "60\u201380": 20.707212448120117,
    "80\u2013100": 37.61041259765625
  },
  "global_independence_score": 0.013779190368950367,
  "train_dataset_stats": {
    "n_samples": 149,
    "gender_counts": {
      "female(2)": 78,
      "male(1)": 71,
      "unknown(0)": 0
    },
    "abnormal_counts": {
      "abnormal(1)": 74,
      "normal(0)": 75
    },
    "age_bin_counts": {
      "0\u201310": 12,
      "10\u201320": 11,
      "20\u201330": 22,
      "30\u201340": 12,
      "40\u201350": 19,
      "50\u201360": 15,
      "60\u201370": 22,
      "70\u201380": 24,
      "80\u2013120": 12
    }
  },
  "eval_dataset_stats": {
    "n_samples": 38,
    "gender_counts": {
      "female(2)": 23,
      "male(1)": 15,
      "unknown(0)": 0
    },
    "abnormal_counts": {
      "abnormal(1)": 21,
      "normal(0)": 17
    },
    "age_bin_counts": {
      "0\u201310": 4,
      "10\u201320": 4,
      "20\u201330": 11,
      "30\u201340": 1,
      "40\u201350": 2,
      "50\u201360": 4,
      "60\u201370": 6,
      "70\u201380": 2,
      "80\u2013120": 4
    }
  }
}