{
  "metrics_per_task": {
    "gender": {
      "loss": 0.6513020059336787,
      "accuracy": 0.6014492753623188,
      "pred_counts": {
        "label_0": 116,
        "label_1": 160
      }
    },
    "abnormal": {
      "loss": 0.4639164382132931,
      "accuracy": 0.7934782608695652,
      "pred_counts": {
        "label_0": 143,
        "label_1": 133
      }
    }
  },
  "hyperparams_per_task": {
    "gender": {
      "input_dim": 152,
      "output_type": "classification",
      "hidden_dims": [
        256,
        128,
        64,
        32
      ],
      "dropout": 0.30855273705564157
    },
    "abnormal": {
      "input_dim": 152,
      "output_type": "classification",
      "hidden_dims": [
        384,
        192,
        96,
        48
      ],
      "dropout": 0.20254708646891859
    }
  },
  "train_dataset_stats": {
    "n_samples": 2717,
    "gender_counts": {
      "female(2)": 1447,
      "male(1)": 1270,
      "unknown(0)": 0
    },
    "abnormal_counts": {
      "abnormal(1)": 1346,
      "normal(0)": 1371
    },
    "age_bin_counts": {
      "0\u201310": 2717,
      "10\u201320": 0,
      "20\u201330": 0,
      "30\u201340": 0,
      "40\u201350": 0,
      "50\u201360": 0,
      "60\u201370": 0,
      "70\u201380": 0,
      "80\u2013120": 0
    }
  },
  "eval_dataset_stats": {
    "n_samples": 276,
    "gender_counts": {
      "female(2)": 148,
      "male(1)": 128,
      "unknown(0)": 0
    },
    "abnormal_counts": {
      "abnormal(1)": 126,
      "normal(0)": 150
    },
    "age_bin_counts": {
      "0\u201310": 276,
      "10\u201320": 0,
      "20\u201330": 0,
      "30\u201340": 0,
      "40\u201350": 0,
      "50\u201360": 0,
      "60\u201370": 0,
      "70\u201380": 0,
      "80\u2013120": 0
    }
  },
  "global_independence_score": 0.018843285739421844
}