{
  "metrics_per_task": {
    "gender": {
      "loss": 0.6803412109181501,
      "accuracy": 0.5905797101449275,
      "pred_counts": {
        "label_0": 119,
        "label_1": 157
      },
      "precision": 0.6114649681528662,
      "recall": 0.6486486486486487,
      "f1": 0.6295081967213115,
      "f1_macro": 0.5860091590894008,
      "roc_auc": 0.6360325168918919,
      "pr_auc": 0.6903086739951572,
      "confusion": [
        [
          67,
          61
        ],
        [
          52,
          96
        ]
      ]
    },
    "abnormal": {
      "loss": 0.46946644437485846,
      "accuracy": 0.7681159420289855,
      "pred_counts": {
        "label_0": 158,
        "label_1": 118
      },
      "precision": 0.7627118644067796,
      "recall": 0.7142857142857143,
      "f1": 0.7377049180327869,
      "f1_macro": 0.7649563551202896,
      "roc_auc": 0.854920634920635,
      "pr_auc": 0.8505379202459856,
      "confusion": [
        [
          122,
          28
        ],
        [
          36,
          90
        ]
      ]
    }
  },
  "hyperparams_per_task": {
    "gender": {
      "input_dim": 152,
      "output_type": "classification",
      "hidden_dims": [
        320,
        160
      ],
      "dropout": 0.10376942974556214
    },
    "abnormal": {
      "input_dim": 152,
      "output_type": "classification",
      "hidden_dims": [
        448,
        224,
        112
      ],
      "dropout": 0.4802286641360713
    }
  },
  "train_dataset_stats": {
    "n_samples": 2717,
    "gender_counts": {
      "female(2)": 1447,
      "male(1)": 1270,
      "unknown(0)": 0
    },
    "abnormal_counts": {
      "abnormal(1)": 1346,
      "normal(0)": 1371
    },
    "age_bin_counts": {
      "0\u201310": 2717,
      "10\u201320": 0,
      "20\u201330": 0,
      "30\u201340": 0,
      "40\u201350": 0,
      "50\u201360": 0,
      "60\u201370": 0,
      "70\u201380": 0,
      "80\u2013120": 0
    }
  },
  "eval_dataset_stats": {
    "n_samples": 276,
    "gender_counts": {
      "female(2)": 148,
      "male(1)": 128,
      "unknown(0)": 0
    },
    "abnormal_counts": {
      "abnormal(1)": 126,
      "normal(0)": 150
    },
    "age_bin_counts": {
      "0\u201310": 276,
      "10\u201320": 0,
      "20\u201330": 0,
      "30\u201340": 0,
      "40\u201350": 0,
      "50\u201360": 0,
      "60\u201370": 0,
      "70\u201380": 0,
      "80\u2013120": 0
    }
  },
  "latent": null
}