{
  "metrics_per_task": {
    "gender": {
      "loss": 0.7066852623137875,
      "accuracy": 0.5471014492753623,
      "pred_counts": {
        "label_0": 173,
        "label_1": 103
      },
      "precision": 0.6116504854368932,
      "recall": 0.42567567567567566,
      "f1": 0.50199203187251,
      "f1_macro": 0.543354819922966,
      "roc_auc": 0.54296875,
      "pr_auc": 0.5802574528682863,
      "confusion": [
        [
          88,
          40
        ],
        [
          85,
          63
        ]
      ]
    },
    "age": {
      "loss": 1.235041368151892e-32,
      "mae": 1.1113241674565871e-16,
      "rmse": 1.111324150800248e-16,
      "r2": 0.0
    },
    "abnormal": {
      "loss": 0.5521169702212015,
      "accuracy": 0.717391304347826,
      "pred_counts": {
        "label_0": 152,
        "label_1": 124
      },
      "precision": 0.6935483870967742,
      "recall": 0.6825396825396826,
      "f1": 0.688,
      "f1_macro": 0.7148609271523179,
      "roc_auc": 0.7981481481481482,
      "pr_auc": 0.7576158360523707,
      "confusion": [
        [
          112,
          38
        ],
        [
          40,
          86
        ]
      ]
    }
  },
  "hyperparams_per_task": {
    "gender": {
      "input_dim": 8,
      "output_type": "classification",
      "hidden_dims": [
        448,
        224,
        112
      ],
      "dropout": 0.37005482428903275
    },
    "age": {
      "input_dim": 8,
      "output_type": "regression",
      "hidden_dims": [
        128,
        64,
        32,
        16
      ],
      "dropout": 0.05698353164989922
    },
    "abnormal": {
      "input_dim": 8,
      "output_type": "classification",
      "hidden_dims": [
        128,
        64,
        32,
        16
      ],
      "dropout": 0.21495559721976548
    }
  },
  "train_dataset_stats": {
    "n_samples": 2717,
    "gender_counts": {
      "female(2)": 1447,
      "male(1)": 1270,
      "unknown(0)": 0
    },
    "abnormal_counts": {
      "abnormal(1)": 1346,
      "normal(0)": 1371
    },
    "age_bin_counts": {
      "0\u201310": 2717,
      "10\u201320": 0,
      "20\u201330": 0,
      "30\u201340": 0,
      "40\u201350": 0,
      "50\u201360": 0,
      "60\u201370": 0,
      "70\u201380": 0,
      "80\u2013120": 0
    }
  },
  "eval_dataset_stats": {
    "n_samples": 276,
    "gender_counts": {
      "female(2)": 148,
      "male(1)": 128,
      "unknown(0)": 0
    },
    "abnormal_counts": {
      "abnormal(1)": 126,
      "normal(0)": 150
    },
    "age_bin_counts": {
      "0\u201310": 276,
      "10\u201320": 0,
      "20\u201330": 0,
      "30\u201340": 0,
      "40\u201350": 0,
      "50\u201360": 0,
      "60\u201370": 0,
      "70\u201380": 0,
      "80\u2013120": 0
    }
  },
  "latent": null
}