method1_clean,ctm_cma_avg,ctm_nn_avg,hopf_avg,jr_avg,pca_avg,psd_ae_avg,wong_wang_avg
ctm_cma_avg,0.0,0.985160943844205,0.9955660537586426,0.9974804396150656,0.970811349640624,0.9720441714463675,0.992391604998059
ctm_nn_avg,0.985160943844205,0.0,0.9671353098237666,0.9851677887844498,0.7442807633143369,0.7648402657287494,0.863434308672465
hopf_avg,0.9955660537586426,0.9671353098237666,0.0,0.98548036020765,0.9331145459464519,0.926361813332447,0.985405782039365
jr_avg,0.9974804396150656,0.9851677887844498,0.98548036020765,0.0,0.9425278998275257,0.9470191039022077,0.976322824860976
pca_avg,0.970811349640624,0.7442807633143369,0.9331145459464519,0.9425278998275257,0.0,0.1695958145951123,0.8822405586292156
psd_ae_avg,0.9720441714463675,0.7648402657287494,0.926361813332447,0.9470191039022077,0.1695958145951123,0.0,0.8759924714792703
wong_wang_avg,0.992391604998059,0.863434308672465,0.985405782039365,0.976322824860976,0.8822405586292156,0.8759924714792703,0.0
