method1_clean,ctm_cma_avg,ctm_nn_avg,hopf_avg,jr_avg,pca_avg,psd_ae_avg,wong_wang_avg
ctm_cma_avg,1.0,0.009016658056648844,0.01204507962381835,-0.0016897953063991524,-0.007138219885167391,-0.01960713417212049,0.0027773288935259797
ctm_nn_avg,0.009016658056648844,1.0,-0.015599628648792932,0.0023404839550804943,0.7884655823780409,0.6765948318536378,0.1091206531025445
hopf_avg,0.01204507962381835,-0.015599628648792932,1.0,0.08795353982753838,-0.07510168354335126,-0.09633635154773243,0.003384347504602026
jr_avg,-0.0016897953063991524,0.0023404839550804943,0.08795353982753838,1.0,0.03469593375100933,0.014488589360115031,0.009720477202015305
pca_avg,-0.007138219885167391,0.7884655823780409,-0.07510168354335126,0.03469593375100933,1.0,0.9100070210325173,0.12130013368227813
psd_ae_avg,-0.01960713417212049,0.6765948318536378,-0.09633635154773243,0.014488589360115031,0.9100070210325173,1.0,0.1448463898305107
wong_wang_avg,0.0027773288935259797,0.1091206531025445,0.003384347504602026,0.009720477202015305,0.12130013368227813,0.1448463898305107,1.0
