method1_clean,ctm_cma_avg,ctm_nn_avg,hopf_avg,jr_avg,pca_avg,psd_ae_avg,wong_wang_avg
ctm_cma_avg,1.0,0.6673391236891801,0.642056985364619,0.4600079620240473,0.6818996061322015,0.6734525211367351,0.3990840756943724
ctm_nn_avg,0.6673391236891801,1.0,0.8966587745114621,0.7083980592106147,0.9866215702943966,0.9869466613574615,0.6263965507869536
hopf_avg,0.642056985364619,0.8966587745114621,1.0,0.6276145260588358,0.9163232539111571,0.9172590579165316,0.5928856592422438
jr_avg,0.4600079620240473,0.7083980592106147,0.6276145260588358,1.0,0.752537140764351,0.7481311001187521,0.5255859275964309
pca_avg,0.6818996061322015,0.9866215702943966,0.9163232539111571,0.752537140764351,1.0,0.9990776919474601,0.6523443644786198
psd_ae_avg,0.6734525211367351,0.9869466613574615,0.9172590579165316,0.7481311001187521,0.9990776919474601,1.0,0.678547504741044
wong_wang_avg,0.3990840756943724,0.6263965507869536,0.5928856592422438,0.5255859275964309,0.6523443644786198,0.678547504741044,1.0
