{
  "metrics_per_task": {
    "gender": {
      "loss": 0.7379025886024254,
      "accuracy": 0.5507246376811594,
      "pred_counts": {
        "label_0": 46,
        "label_1": 230
      },
      "precision": 0.5521739130434783,
      "recall": 0.8581081081081081,
      "f1": 0.671957671957672,
      "f1_macro": 0.4796569968983762,
      "roc_auc": 0.5930109797297297,
      "pr_auc": 0.6253384699738251,
      "confusion": [
        [
          25,
          103
        ],
        [
          21,
          127
        ]
      ]
    },
    "abnormal": {
      "loss": 0.6784646597461425,
      "accuracy": 0.7282608695652174,
      "pred_counts": {
        "label_0": 155,
        "label_1": 121
      },
      "precision": 0.7107438016528925,
      "recall": 0.6825396825396826,
      "f1": 0.6963562753036437,
      "f1_macro": 0.7252273179796906,
      "roc_auc": 0.7938095238095239,
      "pr_auc": 0.7328448664909084,
      "confusion": [
        [
          115,
          35
        ],
        [
          40,
          86
        ]
      ]
    }
  },
  "hyperparams_per_task": {
    "gender": {
      "input_dim": 8,
      "output_type": "classification",
      "hidden_dims": [
        448,
        224,
        112
      ],
      "dropout": 0.34692952469377103
    },
    "abnormal": {
      "input_dim": 8,
      "output_type": "classification",
      "hidden_dims": [
        256,
        128,
        64,
        32
      ],
      "dropout": 0.2951778566817241
    }
  },
  "train_dataset_stats": {
    "n_samples": 2717,
    "gender_counts": {
      "female(2)": 1447,
      "male(1)": 1270,
      "unknown(0)": 0
    },
    "abnormal_counts": {
      "abnormal(1)": 1346,
      "normal(0)": 1371
    },
    "age_bin_counts": {
      "0\u201310": 2717,
      "10\u201320": 0,
      "20\u201330": 0,
      "30\u201340": 0,
      "40\u201350": 0,
      "50\u201360": 0,
      "60\u201370": 0,
      "70\u201380": 0,
      "80\u2013120": 0
    }
  },
  "eval_dataset_stats": {
    "n_samples": 276,
    "gender_counts": {
      "female(2)": 148,
      "male(1)": 128,
      "unknown(0)": 0
    },
    "abnormal_counts": {
      "abnormal(1)": 126,
      "normal(0)": 150
    },
    "age_bin_counts": {
      "0\u201310": 276,
      "10\u201320": 0,
      "20\u201330": 0,
      "30\u201340": 0,
      "40\u201350": 0,
      "50\u201360": 0,
      "60\u201370": 0,
      "70\u201380": 0,
      "80\u2013120": 0
    }
  },
  "latent": {
    "train": {
      "n_samples": 2717,
      "dim": 8,
      "variance_per_dim": [
        0.014111939817667007,
        0.038478996604681015,
        0.02475268952548504,
        0.024397490546107292,
        0.08912321925163269,
        0.028541969135403633,
        0.037462010979652405,
        0.08314837515354156
      ],
      "active_units": 8,
      "hsic_global_score": 0.01754520647227764,
      "cluster": {
        "silhouette": 0.9948712587356567,
        "davies_bouldin": 0.1873138577850763,
        "calinski_harabasz": 13482.2705078125
      },
      "geometry": {
        "trustworthiness": 0.8397760319499704,
        "continuity": 0.9616768884310308,
        "dist_corr": 0.9955130289577571
      },
      "mi_zy": {
        "gender": {
          "mean": 0.012764748480367627,
          "per_dim": [
            0.008188631385564804,
            0.004091908689588308,
            0.018227625638246536,
            0.0,
            0.0,
            0.032551225274801254,
            0.02284504473209381,
            0.01621355302631855
          ]
        },
        "abnormal": {
          "mean": 0.08137899293113676,
          "per_dim": [
            0.04006991162896156,
            0.10095321387052536,
            0.05436258390545845,
            0.09491749107837677,
            0.08859003335237503,
            0.12056170403957367,
            0.08900478482246399,
            0.06257222592830658
          ]
        }
      }
    },
    "eval": {
      "n_samples": 276,
      "dim": 8,
      "variance_per_dim": [
        0.001860985648818314,
        0.005771053023636341,
        0.005289900116622448,
        0.006596703547984362,
        0.0013670766493305564,
        0.005572705063968897,
        0.0002855747297871858,
        0.0009398669353686273
      ],
      "active_units": 6,
      "hsic_global_score": 0.01733122579753399,
      "cluster": {
        "silhouette": 0.7374556064605713,
        "davies_bouldin": 0.2879499626284917,
        "calinski_harabasz": 251613.15625
      },
      "geometry": {
        "trustworthiness": 0.9069167431639267,
        "continuity": 0.9622089626971543,
        "dist_corr": 0.9999946812618887
      },
      "mi_zy": {
        "gender": {
          "mean": 0.012808381054933121,
          "per_dim": [
            0.0,
            0.010836941190063953,
            0.0,
            0.0,
            0.0624980702996254,
            0.029132036492228508,
            0.0,
            0.0
          ]
        },
        "abnormal": {
          "mean": 0.07140167889767068,
          "per_dim": [
            0.0,
            0.12544158101081848,
            0.06157182902097702,
            0.09440358728170395,
            0.11008980870246887,
            0.0702701210975647,
            0.043588001281023026,
            0.06584850698709488
          ]
        }
      }
    },
    "pca": {
      "top5_ratio_sum": 0.998773455619812,
      "explained_variance_ratio": [
        0.8273638486862183,
        0.10479459911584854,
        0.04083964601159096,
        0.016120295971632004,
        0.009655004367232323,
        0.0008601382141932845,
        0.00027247858815826476,
        9.400153794558719e-05
      ]
    }
  }
}