{
  "metrics_per_task": {
    "gender": {
      "loss": 0.673279548973189,
      "accuracy": 0.5955303169078586,
      "pred_counts": {
        "label_0": 1880,
        "label_1": 3579
      },
      "precision": 0.5993294216261525,
      "recall": 0.7348406988694759,
      "f1": 0.6602031394275162,
      "f1_macro": 0.5803278140576495,
      "roc_auc": 0.6070574136865985,
      "pr_auc": 0.6227089978504754,
      "confusion": [
        [
          1106,
          1434
        ],
        [
          774,
          2145
        ]
      ]
    },
    "abnormal": {
      "loss": 0.5375604527755237,
      "accuracy": 0.7389631800696098,
      "pred_counts": {
        "label_0": 2858,
        "label_1": 2601
      },
      "precision": 0.7039600153787005,
      "recall": 0.7365245374094932,
      "f1": 0.7198741891094947,
      "f1_macro": 0.7377453607183557,
      "roc_auc": 0.8068069855841214,
      "pr_auc": 0.7680664181477646,
      "confusion": [
        [
          2203,
          770
        ],
        [
          655,
          1831
        ]
      ]
    }
  },
  "hyperparams_per_task": {
    "gender": {
      "architecture": {
        "input_dim": 16,
        "output_type": "classification",
        "hidden_dims": [
          384,
          192,
          96
        ],
        "dropout": 0.2892497682378908
      }
    },
    "abnormal": {
      "architecture": {
        "input_dim": 16,
        "output_type": "classification",
        "hidden_dims": [
          384,
          192,
          96,
          48
        ],
        "dropout": 0.11549037093671591
      }
    }
  },
  "train_dataset_stats": {
    "n_samples": 53622,
    "gender_counts": {
      "female(0)": 25039,
      "male(1)": 28583
    },
    "abnormal_counts": {
      "abnormal(1)": 26545,
      "normal(0)": 27077
    },
    "age_bin_counts": {
      "0\u201310": 53622,
      "10\u201320": 0,
      "20\u201330": 0,
      "30\u201340": 0,
      "40\u201350": 0,
      "50\u201360": 0,
      "60\u201370": 0,
      "70\u201380": 0,
      "80\u2013120": 0
    }
  },
  "eval_dataset_stats": {
    "n_samples": 5459,
    "gender_counts": {
      "female(0)": 2540,
      "male(1)": 2919
    },
    "abnormal_counts": {
      "abnormal(1)": 2486,
      "normal(0)": 2973
    },
    "age_bin_counts": {
      "0\u201310": 5459,
      "10\u201320": 0,
      "20\u201330": 0,
      "30\u201340": 0,
      "40\u201350": 0,
      "50\u201360": 0,
      "60\u201370": 0,
      "70\u201380": 0,
      "80\u2013120": 0
    }
  },
  "latent": {
    "train": {
      "n_samples": 53622,
      "dim": 16,
      "variance_per_dim": [
        78.47683715820312,
        0.1417752355337143,
        0.8352320194244385,
        0.36109715700149536,
        114.09343719482422,
        2.522146224975586,
        1.7885478734970093,
        0.20257112383842468,
        56.41135787963867,
        1.5286060571670532,
        1.4962214231491089,
        0.1174258291721344,
        3.4212265014648438,
        8.234493255615234,
        2.5702972412109375,
        0.00027636392042040825
      ],
      "active_units": 15,
      "hsic_global_score": 0.004791144747287035,
      "cluster": {
        "silhouette": 0.5240861773490906,
        "davies_bouldin": 0.7537823120822991,
        "calinski_harabasz": 27160.91796875
      },
      "geometry": {
        "trustworthiness": 0.8054900150466446,
        "continuity": 0.9247993860969004,
        "dist_corr": 0.8810491060315043
      },
      "mi_zy": {
        "gender": {
          "mean": 0.0019000364338403186,
          "per_dim": [
            0.001195666496641934,
            0.002676192671060562,
            0.0005544202285818756,
            0.0026206246111541986,
            0.0,
            0.003964235074818134,
            0.0009497695718891919,
            0.0,
            0.0023307192604988813,
            0.0,
            0.0002909733448177576,
            0.0040624127723276615,
            0.0,
            0.0045015825890004635,
            0.005305031314492226,
            0.0019489546539261937
          ]
        },
        "abnormal": {
          "mean": 0.02249084093687058,
          "per_dim": [
            0.004616724792867899,
            0.004008974879980087,
            0.000871402386110276,
            0.042921535670757294,
            0.011281516402959824,
            0.02427329495549202,
            0.012531791813671589,
            0.04386826977133751,
            0.00532108498737216,
            0.07551941275596619,
            0.015106599777936935,
            0.012724529951810837,
            0.026911495253443718,
            0.024044126272201538,
            0.02941802889108658,
            0.02643466182053089
          ]
        }
      }
    },
    "eval": {
      "n_samples": 5459,
      "dim": 16,
      "variance_per_dim": [
        64.27372741699219,
        0.14303068816661835,
        0.7601213455200195,
        0.3731946051120758,
        129.15855407714844,
        2.577537775039673,
        1.9307385683059692,
        0.20719020068645477,
        58.642086029052734,
        1.5059914588928223,
        1.5716371536254883,
        0.11553311347961426,
        3.029024124145508,
        8.082884788513184,
        2.636960029602051,
        0.00046904353075660765
      ],
      "active_units": 15,
      "hsic_global_score": 0.004789714235812426,
      "cluster": {
        "silhouette": 0.5628688931465149,
        "davies_bouldin": 0.7081863277597635,
        "calinski_harabasz": 3190.287353515625
      },
      "geometry": {
        "trustworthiness": 0.8282216751930986,
        "continuity": 0.6945666566355702,
        "dist_corr": -0.10663288700201913
      },
      "mi_zy": {
        "gender": {
          "mean": 0.01156994172586831,
          "per_dim": [
            0.004017907194793224,
            0.021119866520166397,
            0.003746690461412072,
            0.01699063926935196,
            0.01963486336171627,
            0.02892727218568325,
            0.012751276604831219,
            0.01179211400449276,
            0.015864182263612747,
            0.017005516216158867,
            0.004500987008213997,
            0.0,
            0.005201271735131741,
            0.0022726301103830338,
            0.003150448203086853,
            0.01814340427517891
          ]
        },
        "abnormal": {
          "mean": 0.020973275984569842,
          "per_dim": [
            0.0,
            0.0016304729506373405,
            0.007850687019526958,
            0.05953051894903183,
            0.008635099045932293,
            0.025013862177729607,
            0.005429008975625038,
            0.037843428552150726,
            0.018587900325655937,
            0.08407720178365707,
            0.03500926122069359,
            0.011143914423882961,
            0.0018168467795476317,
            0.01954338140785694,
            0.012283765710890293,
            0.007177070714533329
          ]
        }
      }
    },
    "pca": {
      "top5_ratio_sum": 0.977471649646759,
      "explained_variance_ratio": [
        0.42637693881988525,
        0.2901904582977295,
        0.21100012958049774,
        0.038108840584754944,
        0.011795309372246265,
        0.008996380493044853,
        0.005097166169434786,
        0.002872324548661709,
        0.001828751526772976,
        0.0013395588612183928,
        0.0009048017673194408,
        0.0005142239388078451,
        0.0005093894433230162,
        0.00028002980980090797,
        0.00018478445417713374,
        9.195227335112577e-07
      ],
      "train_shape": [
        53622,
        16
      ],
      "eval_shape": [
        5459,
        16
      ],
      "note": "PCA fitted on training data only to avoid data leakage"
    },
    "train_vs_eval_comparison": {
      "active_units_ratio": 1.0,
      "hsic_score_ratio": 0.9997014259534907,
      "variance_distribution": {
        "train_mean": 17.012596130371094,
        "eval_mean": 17.18804168701172,