{
  "metrics_per_task": {
    "abnormal": {
      "loss": 0.5311639712480949,
      "accuracy": 0.7323685656713684,
      "pred_counts": {
        "label_0": 2910,
        "label_1": 2549
      },
      "precision": 0.7010592389172224,
      "recall": 0.7188254223652454,
      "f1": 0.7098311817279047,
      "f1_macro": 0.7307442497114791,
      "roc_auc": 0.8131199703201704,
      "pr_auc": 0.7783151201807961,
      "confusion": [
        [
          2211,
          762
        ],
        [
          699,
          1787
        ]
      ]
    }
  },
  "hyperparams_per_task": {
    "abnormal": {
      "architecture": {
        "input_dim": 8,
        "output_type": "classification",
        "hidden_dims": [
          448,
          224
        ],
        "dropout": 0.4753571532049581
      }
    }
  },
  "train_dataset_stats": {
    "n_samples": 53622,
    "gender_counts": {
      "female(2)": 0,
      "male(1)": 28583,
      "unknown(0)": 25039
    },
    "abnormal_counts": {
      "abnormal(1)": 26545,
      "normal(0)": 27077
    },
    "age_bin_counts": {
      "0\u201310": 53622,
      "10\u201320": 0,
      "20\u201330": 0,
      "30\u201340": 0,
      "40\u201350": 0,
      "50\u201360": 0,
      "60\u201370": 0,
      "70\u201380": 0,
      "80\u2013120": 0
    }
  },
  "eval_dataset_stats": {
    "n_samples": 5459,
    "gender_counts": {
      "female(2)": 0,
      "male(1)": 2919,
      "unknown(0)": 2540
    },
    "abnormal_counts": {
      "abnormal(1)": 2486,
      "normal(0)": 2973
    },
    "age_bin_counts": {
      "0\u201310": 5459,
      "10\u201320": 0,
      "20\u201330": 0,
      "30\u201340": 0,
      "40\u201350": 0,
      "50\u201360": 0,
      "60\u201370": 0,
      "70\u201380": 0,
      "80\u2013120": 0
    }
  },
  "latent": null
}