{
  "metrics_per_task": {
    "abnormal": {
      "loss": 0.6638803146199487,
      "accuracy": 0.6004762777065397,
      "pred_counts": {
        "label_0": 2782,
        "label_1": 2677
      },
      "precision": 0.5569667538289129,
      "recall": 0.5997586484312148,
      "f1": 0.5775711795467752,
      "f1_macro": 0.5992981875144823,
      "roc_auc": 0.6357338735668482,
      "pr_auc": 0.5790091887982423,
      "confusion": [
        [
          1787,
          1186
        ],
        [
          995,
          1491
        ]
      ]
    }
  },
  "hyperparams_per_task": {
    "abnormal": {
      "architecture": {
        "input_dim": 5,
        "output_type": "classification",
        "hidden_dims": [
          128,
          64
        ],
        "dropout": 0.35403628889802274
      }
    }
  },
  "train_dataset_stats": {
    "n_samples": 53622,
    "gender_counts": {
      "female(2)": 0,
      "male(1)": 28583,
      "unknown(0)": 25039
    },
    "abnormal_counts": {
      "abnormal(1)": 26545,
      "normal(0)": 27077
    },
    "age_bin_counts": {
      "0\u201310": 53622,
      "10\u201320": 0,
      "20\u201330": 0,
      "30\u201340": 0,
      "40\u201350": 0,
      "50\u201360": 0,
      "60\u201370": 0,
      "70\u201380": 0,
      "80\u2013120": 0
    }
  },
  "eval_dataset_stats": {
    "n_samples": 5459,
    "gender_counts": {
      "female(2)": 0,
      "male(1)": 2919,
      "unknown(0)": 2540
    },
    "abnormal_counts": {
      "abnormal(1)": 2486,
      "normal(0)": 2973
    },
    "age_bin_counts": {
      "0\u201310": 5459,
      "10\u201320": 0,
      "20\u201330": 0,
      "30\u201340": 0,
      "40\u201350": 0,
      "50\u201360": 0,
      "60\u201370": 0,
      "70\u201380": 0,
      "80\u2013120": 0
    }
  },
  "latent": null
}