{
  "metrics_per_task": {
    "abnormal": {
      "loss": 0.6068249783535147,
      "accuracy": 0.6797948342187213,
      "pred_counts": {
        "label_0": 3003,
        "label_1": 2456
      },
      "precision": 0.6502442996742671,
      "recall": 0.6423974255832663,
      "f1": 0.6462970457304735,
      "f1_macro": 0.6768968495051297,
      "roc_auc": 0.7346783426813431,
      "pr_auc": 0.6761297555978443,
      "confusion": [
        [
          2114,
          859
        ],
        [
          889,
          1597
        ]
      ]
    }
  },
  "hyperparams_per_task": {
    "abnormal": {
      "architecture": {
        "input_dim": 6,
        "output_type": "classification",
        "hidden_dims": [
          128,
          64
        ],
        "dropout": 0.35403628889802274
      }
    }
  },
  "train_dataset_stats": {
    "n_samples": 53622,
    "gender_counts": {
      "female(2)": 0,
      "male(1)": 28583,
      "unknown(0)": 25039
    },
    "abnormal_counts": {
      "abnormal(1)": 26545,
      "normal(0)": 27077
    },
    "age_bin_counts": {
      "0\u201310": 53622,
      "10\u201320": 0,
      "20\u201330": 0,
      "30\u201340": 0,
      "40\u201350": 0,
      "50\u201360": 0,
      "60\u201370": 0,
      "70\u201380": 0,
      "80\u2013120": 0
    }
  },
  "eval_dataset_stats": {
    "n_samples": 5459,
    "gender_counts": {
      "female(2)": 0,
      "male(1)": 2919,
      "unknown(0)": 2540
    },
    "abnormal_counts": {
      "abnormal(1)": 2486,
      "normal(0)": 2973
    },
    "age_bin_counts": {
      "0\u201310": 5459,
      "10\u201320": 0,
      "20\u201330": 0,
      "30\u201340": 0,
      "40\u201350": 0,
      "50\u201360": 0,
      "60\u201370": 0,
      "70\u201380": 0,
      "80\u2013120": 0
    }
  },
  "latent": null
}