{
  "metrics_per_task": {
    "gender": {
      "loss": 0.6890540499436227,
      "accuracy": 0.6052631578947368
    },
    "age": {
      "loss": 661.9888305664062,
      "mae": 23.23491749010588,
      "rmse": 25.729143665866204
    },
    "abnormal": {
      "loss": 0.698097476833745,
      "accuracy": 0.4473684210526316
    }
  },
  "train_dataset_stats": {
    "n_samples": 149,
    "gender_counts": {
      "female(2)": 78,
      "male(1)": 71,
      "unknown(0)": 0
    },
    "abnormal_counts": {
      "abnormal(1)": 74,
      "normal(0)": 75
    },
    "age_bin_counts": {
      "0\u201310": 12,
      "10\u201320": 11,
      "20\u201330": 22,
      "30\u201340": 12,
      "40\u201350": 19,
      "50\u201360": 15,
      "60\u201370": 22,
      "70\u201380": 24,
      "80\u2013120": 12
    }
  },
  "eval_dataset_stats": {
    "n_samples": 38,
    "gender_counts": {
      "female(2)": 23,
      "male(1)": 15,
      "unknown(0)": 0
    },
    "abnormal_counts": {
      "abnormal(1)": 21,
      "normal(0)": 17
    },
    "age_bin_counts": {
      "0\u201310": 4,
      "10\u201320": 4,
      "20\u201330": 11,
      "30\u201340": 1,
      "40\u201350": 2,
      "50\u201360": 4,
      "60\u201370": 6,
      "70\u201380": 2,
      "80\u2013120": 4
    }
  },
  "global_independence_score": 0.013779191300272942
}