{
  "metrics_per_task": {
    "abnormal": {
      "loss": 0.47661826813214425,
      "accuracy": 0.771936252060817,
      "pred_counts": {
        "label_0": 3008,
        "label_1": 2451
      },
      "precision": 0.7531619747042023,
      "recall": 0.7425583266291231,
      "f1": 0.7478225643103099,
      "f1_macro": 0.7698316968015352,
      "roc_auc": 0.852462724996949,
      "pr_auc": 0.8397882443888591,
      "confusion": [
        [
          2368,
          605
        ],
        [
          640,
          1846
        ]
      ]
    }
  },
  "hyperparams_per_task": {
    "abnormal": {
      "architecture": {
        "input_dim": 304,
        "output_type": "classification",
        "hidden_dims": [
          448,
          224
        ],
        "dropout": 0.4753571532049581
      }
    }
  },
  "train_dataset_stats": {
    "n_samples": 53622,
    "gender_counts": {
      "female(2)": 0,
      "male(1)": 28583,
      "unknown(0)": 25039
    },
    "abnormal_counts": {
      "abnormal(1)": 26545,
      "normal(0)": 27077
    },
    "age_bin_counts": {
      "0\u201310": 53622,
      "10\u201320": 0,
      "20\u201330": 0,
      "30\u201340": 0,
      "40\u201350": 0,
      "50\u201360": 0,
      "60\u201370": 0,
      "70\u201380": 0,
      "80\u2013120": 0
    }
  },
  "eval_dataset_stats": {
    "n_samples": 5459,
    "gender_counts": {
      "female(2)": 0,
      "male(1)": 2919,
      "unknown(0)": 2540
    },
    "abnormal_counts": {
      "abnormal(1)": 2486,
      "normal(0)": 2973
    },
    "age_bin_counts": {
      "0\u201310": 5459,
      "10\u201320": 0,
      "20\u201330": 0,
      "30\u201340": 0,
      "40\u201350": 0,
      "50\u201360": 0,
      "60\u201370": 0,
      "70\u201380": 0,
      "80\u2013120": 0
    }
  },
  "latent": null
}